-- ================================================
-- 家族族谱管理系统 - 个人主页模块示例数据
-- 版本: v2.0 个人主页模块
-- 用于演示三个用户的个人主页完整内容
-- ================================================

USE family_genealogy;

-- ================================================
-- 插入示例家族
-- ================================================
INSERT INTO t_family (id, name, description, origin_place, created_at, updated_at, deleted)
VALUES (1, '张家口张氏家族', '起源于浙江绍兴，已有三百余年历史', '浙江绍兴', NOW(), NOW(), 0);

-- ================================================
-- 插入示例用户
-- ================================================
INSERT INTO t_user (id, phone, password, name, family_id, role, status, created_at, updated_at, deleted)
VALUES
(1, '13812345601', '$2a$10$X/xxxxxxxxxxxxxxxxxxxxxxxxxxxxxxxxxxxxxxxxxxxxxxxxxxxxxxxx', '张文博', 1, 'ADMIN', 1, NOW(), NOW(), 0),
(2, '13812345602', '$2a$10$X/xxxxxxxxxxxxxxxxxxxxxxxxxxxxxxxxxxxxxxxxxxxxxxxxxxxxxxxx', '张建华', 1, 'MEMBER', 1, NOW(), NOW(), 0),
(3, '13812345603', '$2a$10$X/xxxxxxxxxxxxxxxxxxxxxxxxxxxxxxxxxxxxxxxxxxxxxxxxxxxxxxxx', '张志强', 1, 'MEMBER', 1, NOW(), NOW(), 0);

-- ================================================
-- 插入示例成员
-- ================================================
INSERT INTO t_member (id, family_id, name, gender, birth_date, birth_place, generation, spouse_name, father_id, mother_id, portrait_url, biography, occupation, status, created_by, created_at, updated_at, deleted)
VALUES
(1, 1, '张文博', 'MALE', '1960-05-15', '浙江绍兴', 5, '王秀英', 4, 5, '/avatars/zhang_wenbo.jpg', '热爱家族事业，致力于家族文化传承。曾任中学语文教师，退休后全身心投入家族事务。主持编纂了《张家口张氏族谱》第三卷，组织了多次家族祭祖活动。', '退休教师', 'ALIVE', 1, NOW(), NOW(), 0),
(2, 1, '张建华', 'MALE', '1955-03-20', '浙江绍兴', 4, '李桂花', 6, 7, '/avatars/zhang_jianhua.jpg', '家族长者，德高望重。年轻时在村里担任会计，为人正直，深受族人尊敬。', '农民', 'ALIVE', 2, NOW(), NOW(), 0),
(3, 1, '张志强', 'MALE', '1985-08-10', '浙江杭州', 6, '陈美玲', 1, 2, '/avatars/zhang_zhiqiang.jpg', 'IT工程师，现居杭州。热爱技术，关注家族数字化建设，希望通过科技让家族文化更好地传承。', 'IT工程师', 'ALIVE', 3, NOW(), NOW(), 0);

-- ================================================
-- 插入用户资料扩展信息
-- ================================================
INSERT INTO t_user_profile (user_id, member_id, cover_url, avatar_url, bio, occupation, birth_place, current_place, hobbies, achievements, motto, privacy_setting, created_at, updated_at)
VALUES
(1, 1, '/covers/zhang_wenbo_cover.jpg', '/avatars/zhang_wenbo.jpg', '传承家族文化，记录家族历史，让后代不忘根源。', '退休教师', '浙江绍兴', '浙江绍兴', '["书法", "围棋", "摄影", "读书"]', '["家族文化传承人", "族谱编纂负责人", "清明祭祖活动组织者"]', '家和万事兴', 'FAMILY', NOW(), NOW()),
(2, 2, '/covers/zhang_jianhua_cover.jpg', '/avatars/zhang_jianhua.jpg', '种田一辈子，朴实无华。最大的心愿就是看到家族团结，后代成才。', '农民', '浙江绍兴', '浙江绍兴', '["种菜", "钓鱼", "听戏"]', '["家族长者", "为人正直"]', '老实做人，本分做事', 'FAMILY', NOW(), NOW()),
(3, 3, '/covers/zhang_zhiqiang_cover.jpg', '/avatars/zhang_zhiqiang.jpg', '用技术改变生活，用代码连接亲情。', 'IT工程师', '浙江杭州', '浙江杭州', '["编程", "徒步", "旅行", "摄影"]', '["家族数字化建设者", "族谱系统开发者"]', ' Stay Hungry, Stay Foolish', 'FAMILY', NOW(), NOW());

-- ================================================
-- 插入动态数据
-- ================================================
INSERT INTO t_post (id, member_id, author_user_id, title, content, post_type, event_date, event_place, images, visibility, like_count, comment_count, view_count, status, created_at, updated_at)
VALUES
-- 张文博的动态
(1, 1, 1, '清明祭祖', '今天参加了家族的清明祭祖活动，非常感慨。看着家族越来越壮大，深感欣慰。感谢各位族人拨冗参加，希望我们张家的优良传统能够代代相传。', 'LIFE_EVENT', '2026-04-05', '浙江绍兴祖祠', '["/photos/qingming1.jpg", "/photos/qingming2.jpg", "/photos/qingming3.jpg"]', 'FAMILY', 12, 5, 45, 1, '2026-04-05 14:30:00', '2026-04-05 14:30:00'),
(2, 1, 1, '族谱第三卷出版', '经过三年的努力，《张家口张氏族谱》第三卷终于出版了！这是我们家族文化传承的重要里程碑。感谢编委会全体成员的无私奉献。', 'MILESTONE', '2026-03-15', '浙江绍兴', '["/photos/book1.jpg", "/photos/book2.jpg"]', 'FAMILY', 28, 8, 86, 1, '2026-03-15 10:00:00', '2026-03-15 10:00:00'),
(3, 1, 1, null, '今天在书房整理老照片，翻出了父亲年轻时的照片。那个年代条件艰苦，但父亲依然乐观坚强。致敬我们的父辈！', 'MEMORY', NULL, NULL, '["/photos/old_photo1.jpg", "/photos/old_photo2.jpg"]', 'FAMILY', 15, 3, 52, 1, '2026-02-20 19:30:00', '2026-02-20 19:30:00'),
(4, 1, 1, null, '新年的第一天，祝家族全体成员新年快乐！身体健康！万事如意！', 'DAILY', '2026-01-01', '浙江绍兴', NULL, 'FAMILY', 35, 12, 120, 1, '2026-01-01 08:00:00', '2026-01-01 08:00:00'),

-- 张建华的动态
(5, 2, 2, '八十岁寿宴', '今天是我八十岁寿宴，感谢子孙后代都来给我祝寿。看到一家人其乐融融，我这辈子值了！', 'LIFE_EVENT', '2026-02-28', '浙江绍兴', '["/photos/birthday1.jpg", "/photos/birthday2.jpg", "/photos/birthday3.jpg"]', 'FAMILY', 42, 15, 156, 1, '2026-02-28 18:00:00', '2026-02-28 18:00:00'),
(6, 2, 2, '春耕', '一年之计在于春，今天开始春耕了。希望今年风调雨顺，五谷丰登！', 'LIFE_EVENT', '2026-03-10', '浙江绍兴', '["/photos/farming1.jpg"]', 'FAMILY', 8, 2, 34, 1, '2026-03-10 07:00:00', '2026-03-10 07:00:00'),
(7, 2, 2, null, '老伴前两天身体不适，子女们都赶回来看望，很感动。家人平安就是最大的福气。', 'THOUGHT', NULL, NULL, NULL, 'FAMILY', 20, 6, 78, 1, '2026-01-25 20:00:00', '2026-01-25 20:00:00'),

-- 张志强的动态
(8, 3, 3, '族谱系统上线', '历时三个月，个人主页模块终于开发完成了！希望通过这个平台，能让家族成员更好地交流互动。', 'MILESTONE', '2026-04-10', '浙江杭州', '["/photos/system1.jpg", "/photos/system2.jpg"]', 'FAMILY', 25, 10, 98, 1, '2026-04-10 22:00:00', '2026-04-10 22:00:00'),
(9, 3, 3, '周末徒步', '这个周末去西湖边徒步，天气特别好。推荐大家都多出去走走，呼吸新鲜空气。', 'DAILY', '2026-04-06', '浙江杭州西湖', '["/photos/hiking1.jpg", "/photos/hiking2.jpg", "/photos/hiking3.jpg"]', 'PUBLIC', 18, 4, 67, 1, '2026-04-06 17:00:00', '2026-04-06 17:00:00'),
(10, 3, 3, null, '最近在学习AI技术，感觉要学不动了。但是想到可以用技术解决实际问题，就又有了动力。', 'THOUGHT', NULL, NULL, NULL, 'FAMILY', 12, 3, 45, 1, '2026-03-28 23:00:00', '2026-03-28 23:00:00');

-- ================================================
-- 插入评论数据
-- ================================================
INSERT INTO t_comment (id, post_id, parent_id, user_id, member_id, content, status, created_at, updated_at)
VALUES
-- 动态1的评论
(1, 1, NULL, 2, 2, '说得真好！作为家族长老，我也很欣慰看到大家团结一心。文博辛苦了！', 1, '2026-04-05 15:20:00', '2026-04-05 15:20:00'),
(2, 1, 1, 3, 3, '@张建华 爷爷说得对！明年我也要带孩子回去祭祖。', 1, '2026-04-05 16:10:00', '2026-04-05 16:10:00'),
(3, 1, NULL, 3, 3, '这次活动组织得很好，照片拍得也很棒！', 1, '2026-04-05 16:30:00', '2026-04-05 16:30:00'),
(4, 1, NULL, 1, 1, '谢谢大家的祝福，希望家族永远团结！', 1, '2026-04-05 16:45:00', '2026-04-05 16:45:00'),

-- 动态2的评论
(5, 2, NULL, 2, 2, '这是大喜事！我要一本收藏。', 1, '2026-03-15 11:00:00', '2026-03-15 11:00:00'),
(6, 2, NULL, 3, 3, '恭喜爷爷！这是非常有意义的事情。', 1, '2026-03-15 12:30:00', '2026-03-15 12:30:00'),

-- 动态5的评论
(7, 5, NULL, 1, 1, '祝老爷子福如东海，寿比南山！', 1, '2026-02-28 19:00:00', '2026-02-28 19:00:00'),
(8, 5, NULL, 3, 3, '爷爷生日快乐！等我忙完这阵子回去看望您！', 1, '2026-02-28 19:30:00', '2026-02-28 19:30:00'),

-- 动态8的评论
(9, 8, NULL, 1, 1, '做得好！这下大家交流方便多了。', 1, '2026-04-10 22:30:00', '2026-04-10 22:30:00'),
(10, 8, NULL, 2, 2, '年轻人就是有想法，这个系统太好了！', 1, '2026-04-11 08:00:00', '2026-04-11 08:00:00');

-- ================================================
-- 插入点赞数据
-- ================================================
INSERT INTO t_like (post_id, user_id, member_id, status, created_at)
VALUES
(1, 2, 2, 1, '2026-04-05 14:45:00'),
(1, 3, 3, 1, '2026-04-05 15:00:00'),
(2, 2, 2, 1, '2026-03-15 10:30:00'),
(2, 3, 3, 1, '2026-03-15 11:00:00'),
(5, 1, 1, 1, '2026-02-28 19:15:00'),
(5, 3, 3, 1, '2026-02-28 19:45:00'),
(8, 1, 1, 1, '2026-04-10 22:45:00'),
(8, 2, 2, 1, '2026-04-11 07:30:00');

-- ================================================
-- 插入留言板数据
-- ================================================
INSERT INTO t_guestbook (owner_member_id, user_id, member_id, parent_id, content, status, created_at, updated_at)
VALUES
-- 张文博的留言板
(1, 2, 2, NULL, '文博，最近身体还好吗？有空常回家看看。', 1, '2026-04-10 10:00:00', '2026-04-10 10:00:00'),
(1, 3, 3, NULL, '叔叔，系统很好用！辛苦您为家族付出这么多。", 1, "2026-04-08 15:30:00', '2026-04-08 15:30:00'),

-- 张建华的留言板
(2, 1, 1, NULL, '老爷子，最近身体可好？上次您说的那个老物件我找到了，改天给您送去。', 1, '2026-04-12 09:00:00', '2026-04-12 09:00:00'),
(2, 3, 3, NULL, '爷爷，等我有空一定回去看您！', 1, '2026-03-20 20:00:00', '2026-03-20 20:00:00'),

-- 张志强的留言板
(3, 1, 1, NULL, '志强，最近工作忙吗？注意休息，有空带孩子回来。', 1, '2026-04-11 14:00:00', '2026-04-11 14:00:00');

-- ================================================
-- 插入私信数据
-- ================================================
INSERT INTO t_message (sender_id, sender_member_id, receiver_id, receiver_member_id, content, sender_deleted, receiver_deleted, is_read, created_at)
VALUES
(3, 3, 1, 1, '叔叔，最近有空吗？想请教一些关于族谱的问题。', 0, 0, 1, '2026-04-10 14:20:00'),
(1, 1, 3, 3, '没问题，什么事？', 0, 0, 1, '2026-04-10 14:25:00'),
(3, 3, 1, 1, '想了解一下我们家族的历史，有些先祖的信息想确认一下。', 0, 0, 1, '2026-04-10 14:30:00'),
(1, 1, 3, 3, '好的，我手头有一些资料。周末我整理一下发给你。', 0, 0, 1, '2026-04-10 14:35:00'),
(3, 3, 1, 1, '谢谢叔叔！', 0, 0, 1, '2026-04-10 14:40:00'),
(2, 2, 1, 1, '文博，志强最近回来吗？我想让他帮我看看这个系统怎么用。', 0, 0, 0, '2026-04-12 08:00:00');

-- ================================================
-- 插入通知数据
-- ================================================
INSERT INTO t_notification (user_id, member_id, trigger_user_id, trigger_member_id, type, title, content, resource_type, resource_id, is_read, created_at)
VALUES
(1, 1, 3, 3, 'LIKE', '点赞了你的动态', '清明祭祖', 'post', 1, 1, '2026-04-05 15:00:00'),
(1, 1, 2, 2, 'COMMENT', '评论了你的动态', '清明祭祖', 'post', 1, 1, '2026-04-05 15:20:00'),
(1, 1, 3, 3, 'MESSAGE', '发来私信', '想请教一些关于族谱的问题', 'message', 1, 1, '2026-04-10 14:20:00'),
(1, 1, 3, 3, 'LIKE', '点赞了你的动态', '族谱第三卷出版', 'post', 2, 0, '2026-03-15 10:30:00'),
(2, 2, 1, 1, 'MESSAGE', '发来私信', '志强最近回来吗？', 'message', 6, 0, '2026-04-12 08:00:00'),
(3, 3, 1, 1, 'COMMENT', '评论了你的动态', '族谱系统上线', 'post', 8, 1, '2026-04-10 22:30:00'),
(3, 3, 2, 2, 'COMMENT', '评论了你的动态', '族谱系统上线', 'post', 8, 0, '2026-04-11 08:00:00');

-- ================================================
-- 更新动态的评论数
-- ================================================
UPDATE t_post SET comment_count = 4 WHERE id = 1;
UPDATE t_post SET comment_count = 2 WHERE id = 2;
UPDATE t_post SET comment_count = 2 WHERE id = 5;
UPDATE t_post SET comment_count = 2 WHERE id = 8;

-- ================================================
-- 更新动态的点赞数
-- ================================================
UPDATE t_post SET like_count = 2 WHERE id = 1;
UPDATE t_post SET like_count = 2 WHERE id = 2;
UPDATE t_post SET like_count = 2 WHERE id = 5;
UPDATE t_post SET like_count = 2 WHERE id = 8;
